Workbook

Sheet Sheet1
A1: #SampleID | B1: 菌属1 | C1: 菌属2 | D1: 菌属3
A2: 健康1 | B2: 1 | C2: 2 | D2: 3
A3: 健康2 | B3: 2 | C3: 3 | D3: 4
A4: 健康3 | B4: 3 | C4: 4 | D4: 5
A5: 健康4 | B5: 4 | C5: 5 | D5: 6
A6: 疾病1 | B6: 5 | C6: 6 | D6: 7
A7: 疾病2 | B7: 6 | C7: 7 | D7: 8
A8: 疾病3 | B8: 7 | C8: 8 | D8: 9
A9: 疾病4 | B9: 8 | C9: 9 | D9: 10
A11: #SampleID | B11: group | E11: 这种情况下合并两表非常简单,但考虑实际情况下,两表可能不一一对应,所以需要使用vlookup函数,注意:wps与excel函数有差异.
A12: 健康1 | B12: H
A13: 健康2 | B13: H
A14: 健康3 | B14: H
A15: 健康4 | B15: H
A16: 疾病1 | B16: Disease
A17: 疾病2 | B17: Disease
A18: 疾病3 | B18: Disease
A19: 疾病4 | B19: Disease
A21: #SampleID | B21: group | C21: =VLOOKUP($A21,Sheet1!$A:$D,COLUMN(B$1),0) -> 菌属1 | D21: =VLOOKUP($A21,Sheet1!$A:$D,COLUMN(C$1),0) -> 菌属2 | E21: =VLOOKUP($A21,Sheet1!$A:$D,COLUMN(D$1),0) -> 菌属3
A22: 健康1 | B22: H | C22: =VLOOKUP($A22,Sheet1!$A:$D,COLUMN(B$1),0) -> 1 | D22: =VLOOKUP($A22,Sheet1!$A:$D,COLUMN(C$1),0) -> 2 | E22: =VLOOKUP($A22,Sheet1!$A:$D,COLUMN(D$1),0) -> 3
A23: 健康2 | B23: H | C23: =VLOOKUP($A23,Sheet1!$A:$D,COLUMN(B$1),0) -> 2 | D23: =VLOOKUP($A23,Sheet1!$A:$D,COLUMN(C$1),0) -> 3 | E23: =VLOOKUP($A23,Sheet1!$A:$D,COLUMN(D$1),0) -> 4
A24: 健康3 | B24: H | C24: =VLOOKUP($A24,Sheet1!$A:$D,COLUMN(B$1),0) -> 3 | D24: =VLOOKUP($A24,Sheet1!$A:$D,COLUMN(C$1),0) -> 4 | E24: =VLOOKUP($A24,Sheet1!$A:$D,COLUMN(D$1),0) -> 5
A25: 健康4 | B25: H | C25: =VLOOKUP($A25,Sheet1!$A:$D,COLUMN(B$1),0) -> 4 | D25: =VLOOKUP($A25,Sheet1!$A:$D,COLUMN(C$1),0) -> 5 | E25: =VLOOKUP($A25,Sheet1!$A:$D,COLUMN(D$1),0) -> 6
A26: 疾病1 | B26: Disease | C26: =VLOOKUP($A26,Sheet1!$A:$D,COLUMN(B$1),0) -> 5 | D26: =VLOOKUP($A26,Sheet1!$A:$D,COLUMN(C$1),0) -> 6 | E26: =VLOOKUP($A26,Sheet1!$A:$D,COLUMN(D$1),0) -> 7
A27: 疾病2 | B27: Disease | C27: =VLOOKUP($A27,Sheet1!$A:$D,COLUMN(B$1),0) -> 6 | D27: =VLOOKUP($A27,Sheet1!$A:$D,COLUMN(C$1),0) -> 7 | E27: =VLOOKUP($A27,Sheet1!$A:$D,COLUMN(D$1),0) -> 8
A28: 疾病3 | B28: Disease | C28: =VLOOKUP($A28,Sheet1!$A:$D,COLUMN(B$1),0) -> 7 | D28: =VLOOKUP($A28,Sheet1!$A:$D,COLUMN(C$1),0) -> 8 | E28: =VLOOKUP($A28,Sheet1!$A:$D,COLUMN(D$1),0) -> 9
A29: 疾病4 | B29: Disease | C29: =VLOOKUP($A29,Sheet1!$A:$D,COLUMN(B$1),0) -> 8 | D29: =VLOOKUP($A29,Sheet1!$A:$D,COLUMN(C$1),0) -> 9 | E29: =VLOOKUP($A29,Sheet1!$A:$D,COLUMN(D$1),0) -> 10

Sheet excel
A1: #SampleID | B1: 菌属1 | C1: 菌属2 | D1: 菌属3
A2: 健康1 | B2: 1 | C2: 2 | D2: 3
A3: 健康2 | B3: 2 | C3: 3 | D3: 4
A4: 健康3 | B4: 3 | C4: 4 | D4: 5
A5: 健康4 | B5: 4 | C5: 5 | D5: 6
A6: 疾病1 | B6: 5 | C6: 6 | D6: 7
A7: 疾病2 | B7: 6 | C7: 7 | D7: 8
A8: 疾病3 | B8: 7 | C8: 8 | D8: 9
A9: 疾病4 | B9: 8 | C9: 9 | D9: 10
A11: #SampleID | B11: group | E11: 这种情况下合并两表非常简单,但考虑实际情况下,两表可能不一一对应,所以需要使用vlookup函数,注意:wps与excel函数有差异.
A12: 健康1 | B12: H
A13: 健康2 | B13: H
A14: 健康3 | B14: H
A15: 健康4 | B15: H
A16: 疾病1 | B16: Disease
A17: 疾病2 | B17: Disease
A18: 疾病3 | B18: Disease
A19: 疾病4 | B19: Disease
D20: 此公式有问题
A21: #SampleID | B21: group
A22: 健康1 | B22: H
A23: 健康2 | B23: H
A24: 健康3 | B24: H
A25: 健康4 | B25: H
A26: 疾病1 | B26: Disease
A27: 疾病2 | B27: Disease
A28: 疾病3 | B28: Disease
A29: 疾病4 | B29: Disease
